-- 1. 팀 데이터
INSERT INTO teams (team_id, name)
VALUES (1, 'KIA 타이거즈'),
       (2, 'LG 트윈스'),
       (3, '키움 히어로즈'),
       (4, 'KT 위즈'),
       (5, '삼성 라이온즈'),
       (6, '롯데 자이언츠'),
       (7, 'SSG 랜더스'),
       (8, 'NC 다이노스'),
       (9, '한화 이글스'),
       (10, '두산 베어스');

-- 2. 구장 데이터
INSERT INTO stadiums (stadium_id, full_name, short_name, location, latitude, longitude)
VALUES (1, '챔피언스필드', '챔피언스필드', '광주', 35.1683, 126.8889),
       (2, '잠실야구장', '잠실구장', '잠실', 37.5121, 127.0710),
       (3, '고척스카이돔', '고척돔', '고척', 37.4982, 126.8676),
       (4, '수원KT위즈파크', '위즈파크', '수원', 37.2996, 126.9707),
       (5, '대구삼성라이온즈파크', '라이온즈파크', '대구', 35.8419, 128.6815),
       (6, '사직야구장', '사직구장', '부산', 35.1943, 129.0615),
       (7, '문학야구장', '랜더스필드', '인천', 37.4361, 126.6892),
       (8, '마산야구장', '엔씨파크', '마산', 35.2281, 128.6819),
       (9, '이글스파크', '볼파크', '대전', 36.3173, 127.4280);

-- 3. 멤버 정보
INSERT INTO members (member_id, team_id, nickname, role)
VALUES (5001, 10, '두산1', 'USER'),
       (5002, 10, '두산2', 'USER'),
       (5003, 10, '두산3', 'USER'),
       (5004, 10, '두산4', 'USER'),
       (5005, 10, '두산5', 'USER'),
       (5006, 1, '기아1', 'USER'),
       (5007, 1, '기아2', 'USER'),
       (5008, 1, '기아3', 'USER'),
       (5009, 2, '엘지1', 'USER'),
       (5010, 6, '롯데1', 'USER'),
       (5011, 6, '롯데2', 'USER'),
       (5012, 6, '롯데3', 'USER'),
       (5013, 6, '롯데4', 'USER'),
       (5014, 6, '롯데5', 'USER'),
       (5015, 6, '롯데6', 'USER'),
       (5016, 2, '엘지2', 'USER'),
       (5017, 2, '엘지3', 'USER'),
       (5018, 10, '두산6', 'USER'),
       (5019, 9, '한화1', 'USER');

-- 4. 경기 정보
INSERT INTO games (game_id, stadium_id, home_team_id, away_team_id, date, home_score, away_score)
VALUES (1, 1, 1, 10, '2025-07-24', 5, 4), -- 기아 vs 두산 (오늘)
       (2, 1, 1, 10, '2025-07-25', 5, 4), -- 기아 vs 두산 (오늘)
       (3, 2, 2, 6, '2025-07-25', 3, 5);

-- 5. 체크인 정보
INSERT INTO check_ins (member_id, game_id)
VALUES
    -- 경기 1
    (5001, 1),
    (5002, 1),
    (5003, 1),
    (5004, 1),
    (5005, 1),
    (5006, 1),
    (5007, 1),
    (5008, 1),
    (5009, 1),
    (5010, 1),

    -- 경기 2
    (5001, 2),
    (5002, 2),
    (5003, 2),
    (5004, 2),
    (5005, 2),
    (5006, 2),
    (5007, 2),
    (5008, 2),
    (5009, 2),
    (5010, 2),

    -- 경기 3
    (5011, 3),
    (5012, 3),
    (5013, 3),
    (5014, 3),
    (5015, 3),
    (5016, 3),
    (5017, 3),
    (5018, 3),
    (5019, 3),
    (5001, 3); -- 두산1이 두 경기 모두 참여
